Date,Username,Tweet
2018-12-01T06:15:27+00:00,BLACKCAPS,Our 2018-19 Ford Trophy CHAMPIONS the @wgtnfirebirds! #FordTrophy üì∑= @PhotosportNZ https://t.co/19unrciQ0p
2018-12-01T05:38:53+00:00,BLACKCAPS,The @wgtnfirebirds are our Ford Trophy CHAMPIONS! tight stuff at University of Otago Oval against the @OtagoVolts. Real stay in the fight stuff for both teams.  Firebirds take the Grand Final by 3 wickets. Scorecard | https://t.co/Mnway81sYp https://t.co/j6L3mxccGB
2018-12-01T04:43:25+00:00,BLACKCAPS,50 for Malcolm Nofal. Is he the man to lead the @wgtnfirebirds to Ford Trophy glory? The @OtagoVolts putting pressure on with the ball. LIVE scoring | https://t.co/Mnway81sYp #FordTrophy https://t.co/vMysu1jH0W
2018-12-01T02:54:24+00:00,BLACKCAPS,Two early wickets for the @OtagoVolts to put some pressure on the @wgtnfirebirds chase inside the first 10. Wellington 44/2 after 10 in the Grand Final Pollard 27* Bracewell 0*. LIVE scoring | https://t.co/Mnway81sYp #FordTrophy https://t.co/pyFRQfTTFb
2018-12-01T01:52:43+00:00,BLACKCAPS,Will the @wgtnfirebirds be celebrating later? The team from Wellington will be after 235 to win the Ford Trophy. Earlier in the competition they fell short at the same ground chasing 219 to win v @OtagoVolts. Scorecard | https://t.co/Mnway81sYp #FordTrophy üì∑= @PhotosportNZ https://t.co/QNFAAnN7cQ
2018-12-01T01:44:20+00:00,BLACKCAPS,Impressive stuff from the @OtagoVolts lower order. Rippon 82 and Viljoen 87* combining to help their side bat out their 50 overs after being in serious trouble. @wgtnfirebirds will need 235 to win the Ford Trophy. Scorecard | https://t.co/Mnway81sYp #FordTrophy https://t.co/q4WpNVJ4kP
2018-11-30T23:07:00+00:00,BLACKCAPS,Change in the bowling attack but the wickets keep coming for the @wgtnfirebirds. McPeake gets the set Broom after the early damage from Bennett and Newton. LIVE scoring | https://t.co/Mnway81sYp #FordTrophy https://t.co/8AQxdpY6tw
2018-11-30T22:22:43+00:00,BLACKCAPS,An early wicket for Ollie Newton and the @wgtnfirebirds but then runs for Brad Wilson and Neil Broom to help the @OtagoVolts. 19/1 after 5. LIVE scoring | https://t.co/Mnway81sYp #FordTrophy https://t.co/DO0PAORKzG
2018-11-30T21:58:38+00:00,BLACKCAPS,We are nearly ready for the Ford Trophy Grand Final! The @OtagoVolts batting first after winning the toss against the @wgtnfirebirds. You can follow LIVE scoring here | https://t.co/Mnway81sYp Or with @skysportnz &amp; @radiosportnz #FordTrophy https://t.co/DQo71Vd8qX
2018-11-30T21:42:31+00:00,BLACKCAPS,"Rain up north at Cobham üåßÔ∏è 
India A 248/4
CARD: https://t.co/ZDoWdJtkod"
2018-11-30T08:04:45+00:00,BLACKCAPS,All the details from a busy day at Cobham Oval in the final first-class match between New Zealand A and India A. Report | https://t.co/smnk3wuueJ #NZAvINDA
2018-11-30T02:30:33+00:00,BLACKCAPS,"@KJBeardsmore @OtagoVolts @Lovedunedin Hi Kane, the match is LIVE on @skysportnz 1 and @radiosportnz with the first ball at 11am. ^BM"
2018-11-30T02:28:48+00:00,BLACKCAPS,India A with an opening stand of 98 at Cobham Oval before wickets for New Zealand A. Doug Bracewell now with 2 and Blair Tickner 1. LIVE scoring | https://t.co/ZDoWdJtkod #NZAvINDA https://t.co/naeNQGk3E8
2018-11-30T01:52:22+00:00,BLACKCAPS,Different kinds of prep going in ahead of tomorrow's Ford Trophy Grand Final at University of Otago Oval. #FordTrophy https://t.co/9RUKcvgNuR
2018-11-29T22:20:25+00:00,BLACKCAPS,Learn more about one of the stars of the @OtagoVolts Ford Trophy campaign with @adrianseconinz and @odtnews. Tomorrow's Grand Final at University of Otago Oval will be LIVE on @skysportnz &amp; @radiosportnz. Story | https://t.co/KWJbzj8umw #FordTrophy
2018-11-29T22:07:19+00:00,BLACKCAPS,Underway at Cobham Oval in the final first-class fixture between NZ A and India A. Doug Bracewell opening up with the ball after India A elected to bat first. LIVE scoring | https://t.co/ZDoWdJKVfL #NZAvINDA https://t.co/9f5Rn66eiP
2018-11-29T20:50:49+00:00,BLACKCAPS,Check in with @JimmyNeesh &amp; the @wgtnfirebirds as they prepare for tomorrow's Ford Trophy Grand Final against the @OtagoVolts. The Grand Final will be LIVE on @skysportnz &amp; @radiosportnz. Story | https://t.co/V0hZsX45nk #FordTrophy https://t.co/INPq6be0MM
2018-11-28T20:54:46+00:00,BLACKCAPS,ICYMI - How the @wgtnfirebirds won their place in the Ford Trophy Grand Final.  The @OtagoVolts will host Saturday's final which is LIVE on @skysportnz. Report | https://t.co/pRg6zp5Isb #FordTrophy https://t.co/JPYZeU1Xnm
2018-11-28T19:22:37+00:00,BLACKCAPS,"Amongst the disappointment of the 2nd Test, our number five continued to climb in his career ‚≠êÔ∏è #PAKvNZ https://t.co/Z3PiOOFT0g"
2018-11-28T05:38:46+00:00,BLACKCAPS,Jimmy Neesham books the @wgtnfirebirds place in the Ford Trophy Grand Final with a flourish! 120 off 107 to lead the chase v @aucklandcricket. The Firebirds will meet the @OtagoVolts in Saturday's Grand Final in Dunedin. Scorecard | https://t.co/RRwHzxhlzq #FordTrophy https://t.co/McFWhLhNBb
2018-11-28T05:17:04+00:00,BLACKCAPS,Jimmy Neesham has a üíØ but then we have a run out! Neesham remains and is joined by Newton. @wgtnfirebirds 213/7 chasing 237 to defeat @aucklandcricket in the Elimination Final. LIVE video scoring | https://t.co/RRwHzxhlzq #FordTrophy https://t.co/6z5dmL0eSP
2018-11-28T04:00:32+00:00,BLACKCAPS,More drama in the Elimination Final for the @wgtnfirebirds and @aucklandcricket? Bracewell dismissed by Lister with Wellington now 128/4 needing 237 to win. Neesham still in on 33* LIVE video scoring | https://t.co/RRwHzxhlzq #FordTrophy https://t.co/bLmZq7tzu9
2018-11-28T01:37:26+00:00,BLACKCAPS,A 5 wicket haul for Ollie Newton helps the @wgtnfirebirds restrict @aucklandcricket's Aces to 236 in the Elimination Final. Who are you picking at the innings break to join the @OtagoVolts in the #FordTrophy final? Scorecard | https://t.co/RRwHzxhlzq https://t.co/ftxUmatsAk
2018-11-27T22:11:37+00:00,BLACKCAPS,Early wicket for @wgtnfirebirds in the Elimination Final after @aucklandcricket's Aces decided to bat. Newton gets Horne for 2. LIVE video scoring | https://t.co/RRwHzxhlzq #FordTrophy https://t.co/JgUddyNDAo
2018-11-27T20:51:07+00:00,BLACKCAPS,"Which team will book a place in Saturday's Ford Trophy final against the @OtagoVolts today at Eden Park Outer Oval? 
@aucklandcricket preview | https://t.co/HBEsH6J3j4
@wgtnfirebirds preview | https://t.co/lHHtUnz7k1
#FordTrophy Elimination Final 11am @edenparknz https://t.co/pDMrmkTl8Q"
2018-11-27T11:55:40+00:00,BLACKCAPS,"‚ÄúThat one session really cost us &amp; Yasir bowled very well. We showed some improvement in the second innings which is a good sign for the decider in Abu Dhabi.‚Äù 
- Kane Williamson #PAKvNZ https://t.co/C65a2kKwcv"
2018-11-27T11:39:56+00:00,BLACKCAPS,"Yasir Shah finished with 14-wickets as Pakistan completed their victory - 16 runs short of needing to bat again. 
Taylor (82), Nicholls (77) &amp; Latham (50) the key resistors in 312 total #PAKvNZ https://t.co/iUxjv5OhEy"
2018-11-27T11:21:43+00:00,BLACKCAPS,"Big wicket üí•
Hasan Ali removes Henry Nicholls for 77.
BLACKCAPS 301-8, trail by 27 #PAKvNZ https://t.co/JOtUurDXxC"
2018-11-27T11:04:44+00:00,BLACKCAPS,"1000 Test runs &amp; first SIX in Test cricket for Henry Nicholls.
BLACKCAPS 297-7 heading into the final session of day 4. The deficit is 31. Scorecard | https://t.co/fwkgkaF2JC #PAKvNZ https://t.co/zjzbL7LQy4"
2018-11-27T10:16:19+00:00,BLACKCAPS,"Action after lunch in Dubai with a flow of runs but also the wickets of Watling (27) &amp; de Grandhomme (14). 
Nicholls unbeaten on 64. Trail by 45 - https://t.co/fwkgkaF2JC #PakvNZ"
2018-11-27T09:45:01+00:00,BLACKCAPS,"Henry Nicholls posts his 2nd 50 of the series.
BLACKCAPS 253-4, trail by 75.
Scorecard | https://t.co/fwkgkaF2JC #PAKvNZ https://t.co/wA1IDnpktx"
2018-11-27T09:13:52+00:00,BLACKCAPS,"Deficit under 100 as the second new ball is taken after lunch on day 4.
Nicholls (34*) and Watling (20*). BLACKCAPS 229-4. Scorecard | https://t.co/fwkgkaF2JC #PAKvNZ https://t.co/0RFyJW3SrD"
2018-11-27T07:30:46+00:00,BLACKCAPS,"Another 50 partnership is broken!
Taylor our for 82, caught in the deep off Bilal. Nicholls (22*) is joined by Watling. 198-4, trail by 130 #PAKvNZ https://t.co/rG7dRa1NJg"
2018-11-27T06:48:23+00:00,BLACKCAPS,"Half-centuries for Taylor (68*) and Latham in the first hour before Hasan Ali broke through. BLACKCAPS 169-3 at the 1st drinks on day 4, trail by 159.
Scorecard | https://t.co/fwkgkaF2JC #PAKvNZ https://t.co/jbFXngydig"
2018-11-27T05:00:48+00:00,BLACKCAPS,"‚ÄúWe‚Äôre up for the fight today. It‚Äôs a huge challenge, particularly starting early-on, but Ross and Tom showed if you get in you can still score.‚Äù - Gary Stead ahead of day 4 in Dubai #PAKvNZ https://t.co/YpzNC1JvBM"
2018-11-27T03:59:22+00:00,BLACKCAPS,This way to all you need to know about the @wgtnfirebirds run into the Ford Trophy Elimination Final tomorrow at @edenparknz v @aucklandcricket's Aces. Story | https://t.co/lHHtUnz7k1 #FordTrophy https://t.co/fiHRttvDsA
2018-11-27T00:24:39+00:00,BLACKCAPS,"Club, school and community cricket simply wouldn't be the same without these people. We salute you all! üôåüèΩüèÖüèè

https://t.co/wNihxjZLvp"
2018-11-26T14:51:36+00:00,BLACKCAPS,"Taylor and Latham pause at the end of day 3 to acknowledge Yasir Shah‚Äôs 10-wicket haul, most by a Pakistan bowler in one day. BLACKCAPS with work to do! Card | https://t.co/fwkgkanrl2 #PAKvNZ https://t.co/OksfAbaEAh"
2018-11-26T12:06:12+00:00,BLACKCAPS,"Yasir Shah back in the game in the 2nd dig as he has Williamson caught behind for 30. BLACKCAPS 70-2, trailing by 258. #PAKvNZ https://t.co/DuZqZqshjt"
2018-11-26T11:53:09+00:00,BLACKCAPS,"@jaynefrances63 We'll take that as a compliment Jayne!
Easy to tweet when you're on top üòâ
#PAKvNZ"
2018-11-26T10:11:50+00:00,BLACKCAPS,"Yasir Shah with a serious spell of bowling takes 8-41 as we post 90 in our first innings. 

Pakistan enforce follow on, time to dig in üèè 

CARD ‚ñ∂Ô∏è https://t.co/Z5T9TD7hPc

#PakvNZ https://t.co/CINmwGeNTV"
2018-11-26T08:41:19+00:00,BLACKCAPS,"Yasir Shah on fire before lunch in Dubai üî•
TRIPLE WICKET MAIDEN
https://t.co/fwkgkaF2JC #PAKvNZ https://t.co/sLwEPW7Ceu"
2018-11-26T06:42:27+00:00,BLACKCAPS,"‚òÄÔ∏è is out!
11am scheduled start local time (20 mins from now). 
Live - https://t.co/fwkgkaF2JC #PAKvNZ https://t.co/d1dk9URrXq"
2018-11-26T06:19:24+00:00,BLACKCAPS,At least an hour delay at this stage ‚òîÔ∏è
2018-11-26T06:08:06+00:00,BLACKCAPS,"Delayed start to day three due to rain.... yes rain in Dubai ... again!
Keep up - https://t.co/fwkgkaF2JC #PAKvNZ"
2018-11-26T05:06:11+00:00,BLACKCAPS,"Covers on in Dubai....
#PAKvNZ https://t.co/JD5fCPenoX"
2018-11-26T03:21:32+00:00,BLACKCAPS,It's Ford Trophy finals time! Here is all you need to know about the Auckland Aces run into Wednesday's Elimination Final | https://t.co/HBEsH6J3j4 #FordTrophy https://t.co/4GFeL5yLgU
2018-11-25T18:12:03+00:00,BLACKCAPS,"A game of patience unfolding in Dubai!
Day two recap üëâ https://t.co/u8nQIZD8sa #PAKvNZ https://t.co/dS70FYCUIU"
2018-11-25T13:13:40+00:00,BLACKCAPS,"Well done boys üëè
Latham &amp; Raval make it to stumps on day two at 24-0 in reply to Pakistan‚Äôs 418-5. Tough Test toil this!
Card | https://t.co/fwkgkaF2JC #PAKvNZ https://t.co/k9ndGvk8MF"
2018-11-25T12:41:19+00:00,BLACKCAPS,"Tale of the tape after Pakistan's declaration...
Marathon knocks by Sohail and Azam along with gusty spells by the BLACKCAPS bowlers... Tough Test cricket!
#PAKvNZ https://t.co/wQlnpuAjcc"
2018-11-25T12:22:32+00:00,BLACKCAPS,"Pakistan declare at 418-5 with around 40 minutes left of day two. 
Centuries for Sohail and Azam. 
CDG &amp; Wagner bowled an incredible 67 overs for just 107 runs. #PAKvNZ https://t.co/8H31FcIZgU"
2018-11-25T11:29:27+00:00,BLACKCAPS,"A maiden Test century for Babar Azam.
He's lost Sohail and has been joined by Safraz.
Pakistan 373-5 in the 155th over, 2.4 run-rate. 25 overs remaining on day four. Card | https://t.co/fwkgkaF2JC #PAKvNZ https://t.co/tmfYokrDdS"
2018-11-25T11:18:39+00:00,BLACKCAPS,"Boulty-Breakthrough in Dubai!
62 overs into day four &amp; Haris Sohail edges one through to Watling.
Follow live - https://t.co/fwkgkaF2JC #PAKvNZ https://t.co/AgogDtdxl9"
2018-11-25T10:21:08+00:00,BLACKCAPS,Attritional Test cricket in Dubai as we start to contemplate the dreaded third new ball! #PAKvNZ https://t.co/oYyTv0nxBJ
2018-11-25T08:09:21+00:00,BLACKCAPS,"Slow and steady in Dubai. 
Pakistan claim the first session of day two, Sohail‚Äôs century helping add 67 runs from 30 overs for the loss of no wickets. 274-4 after 120 overs. #PAKvNZ https://t.co/dPGdtawVu6"
2018-11-25T07:32:18+00:00,BLACKCAPS,"After being held-up on 99 for a fair while, Haris Sohail raises his 2nd Test century. Pakistan gaining the upper-hand in Dubai. Card | https://t.co/fwkgkaF2JC #PAKvNZ https://t.co/LLwa4HKi3i"
2018-11-25T06:08:32+00:00,BLACKCAPS,"üì∑ = üòÄ for day two üëå
Pakistan resuming at 207-4. Patel and de Grandhomme to start with a fairly new ball. Live scoring - https://t.co/fwkgkaF2JC #PAKvNZ https://t.co/9gtUIx8RD6"
2018-11-25T04:51:47+00:00,BLACKCAPS,"‚ÄúI thought we stuck to it well yesterday. We‚Äôve got an important first hour this morning, if we can pick up a couple of wickets we‚Äôll be looking good.‚Äù - Trent Boult #PAKvNZ https://t.co/cZcKITo2Xx"
2018-11-24T18:30:06+00:00,BLACKCAPS,"Tough toil, a run-out and some late joy on day one in Dubai ‚≠êÔ∏è
Our boys are right in the mix - catch up below üëá 
https://t.co/u8nQIZD8sa #PAKvNZ https://t.co/2iJeBan7ie"
2018-11-24T16:43:17+00:00,BLACKCAPS,"Awesome to have Alec Astle in Dubai to present our Test caps at the end of training yesterday üëç
Alec was instrumental in setting up many of NZ Cricket‚Äôs junior programmes and systems during the late 90s - 2000s üôå He‚Äôs also the father of Todd! #TestCricket #caps https://t.co/LhinbbrT3Q"
2018-11-24T14:52:49+00:00,BLACKCAPS,"How big might this moment prove?
#PAKvNZ https://t.co/oEPhnN6sys"
2018-11-24T13:39:29+00:00,BLACKCAPS,"Stumps on an even first day in Dubai. 
After winning the toss Pakistan reached 207-4 after 90 overs. De Grandhomme 2, Patel 1 &amp; a Southee/Watling run-out. Card | https://t.co/fwkgkaF2JC #PAKvNZ https://t.co/ppjnYxUoJM"
2018-11-24T12:49:40+00:00,BLACKCAPS,"Ajaz Patel strikes late on day one with the 2nd new ball due.
Lovely drift, dip &amp; turn un-does a charging Shafiq.
Pakistan 182-4 with six overs remaining in the day.
Live - https://t.co/fwkgkaF2JC #PAKvNZ https://t.co/bhKL7T3OXW"
2018-11-24T12:05:45+00:00,BLACKCAPS,"Tim Southee!
Charging in from mid-off he runs out Azhar Ali for 81, with the help of a diving BJ Wattling! Big play. Pakistan 153-3. 2nd new ball 6 overs away #PAKvNZ https://t.co/9mj3fUjzpu"
2018-11-24T10:51:33+00:00,BLACKCAPS,"Wicketless second session in Dubai.
68 runs added from 31 overs, as Pakistan grind to 124-2.
Azhar Ali's posted back to back 50s in the series.
Scorecard | https://t.co/fwkgkaF2JC #PAKvNZ https://t.co/TTRgiUiEJL"
2018-11-24T08:05:58+00:00,BLACKCAPS,"De Grandhomme's double-strike has Pakistan 56-2 at lunch after winning the toss on day one of the second Test in Dubai.
Plenty of action in the first two hours! Card | https://t.co/fwkgkaF2JC #PAKvNZ https://t.co/j1wKMAFoIT"
2018-11-24T06:53:17+00:00,BLACKCAPS,Rain ended up playing a role but the @OtagoVolts are our Ford Trophy top qualifiers! Story | https://t.co/Ot2pw22pua #FordTrophy
2018-11-24T06:50:03+00:00,BLACKCAPS,"CDG is on fire in Dubai.
Pitching the ball up, getting it to wobble. He's claimed the first two Pakistan wickets &amp; created two other chances.
Follow LIVE - https://t.co/fwkgkaF2JC #PAKvNZ https://t.co/f4AiL0GUKl"
2018-11-24T05:34:22+00:00,BLACKCAPS,"Pakistan have won the toss and elected to bat first in the 2nd Test in Dubai. 
Both sides unchanged üèè
#PAKvNZ https://t.co/G6RaRpV566"
2018-11-24T04:45:20+00:00,BLACKCAPS,"Day 2 of NZA v India A at Seddon Park washed out without a ball being bowled. üåßÔ∏èüåßÔ∏è

SCORECARD | https://t.co/EzdLBD8uif"
2018-11-24T04:37:59+00:00,BLACKCAPS,‚ÄúIt‚Äôs been a busy few days... But we‚Äôve parked the first Test &amp; are excited for the second challenge here in Dubai.‚Äù - Ajaz Patel #PAKvNZ https://t.co/t8HRc4ky0m
2018-11-23T22:27:30+00:00,BLACKCAPS,All you need to know about today's final round of the Ford Trophy | https://t.co/z3jNMe0fAE #FordTrophy
2018-11-23T22:25:30+00:00,BLACKCAPS,"The final round of the #FordTrophy is here! There is tough weather around but we have two matches LIVE. 
@OtagoVolts v @aucklandcricket | https://t.co/imI5n65Oyl
@ndcricket v @wgtnfirebirds | https://t.co/m9fg0aze10
@CentralStags v @CanterburyCrick | https://t.co/K0WPFhvbaN https://t.co/gBGz1MZkQm"
2018-11-23T11:37:15+00:00,BLACKCAPS,"Ajaz Patel üôã‚Äç‚ôÇÔ∏è
üé§üìπ
#media #PAKvNZ https://t.co/YxE9HU1rdm"
2018-11-23T06:33:10+00:00,BLACKCAPS,"üëèüèΩWill Young 117* for NZ A v India A #CricketNation 

VIDEO SCORECARD ‚û°Ô∏è https://t.co/rdMP4fBV4M https://t.co/5ian1cabc1"
2018-11-23T05:57:03+00:00,BLACKCAPS,New Zealand A v India A | Unbeaten Will Young century the highlight on day one in Hamilton  https://t.co/PF1ZJBWnHa
2018-11-23T05:37:47+00:00,BLACKCAPS,"Day one complete at Seddon Park üèè 

NZ A 221/5 

Young 117*
van Woerkom 32*

Intriguing second day on the cards... 

https://t.co/EzdLBD8uif"
2018-11-23T05:05:07+00:00,BLACKCAPS,"CENTURY! Will Young shows patience and poise for NZ A at Seddon Park üèè 

üìù 208/5 closing in on stumps. 

#CricketNation https://t.co/h63CynVbdv"
2018-11-23T00:14:36+00:00,BLACKCAPS,"Solid start for NZ A v India A batting first at Seddon Park üèè

üìù 52/0 at lunch.

Young 29* 
Seifert 13* 

NOTE: Hamish Rutherford (9*) retired hurt. 

https://t.co/EzdLBD8uif"
2018-11-22T22:10:47+00:00,BLACKCAPS,"The coin has fallen India A‚Äôs way and they‚Äôve asked NZ A to bat first. Will Young and Hamish Rutherford to open up. 

LIVE VIDEO SCORECARD ‚¨áÔ∏è
https://t.co/EzdLBD8uif https://t.co/ZtRHYmP8ks"
2018-11-22T01:18:36+00:00,BLACKCAPS,Meet the very proud parents of @AjazP with @claywilsonrnz from @RNZSport. https://t.co/yJ32vnFxql  #PAKvNZ #CricketNation
2018-11-20T04:20:18+00:00,BLACKCAPS,"@shortflyslip Hi Andrew, thank you for your message. The easiest way to reach completed scorecards is via the schedules page. You can then use the filters below the main image to find the match you are after. Like for NZ A here - https://t.co/qoa20cmAPq ^BM"
2018-11-20T00:00:04+00:00,BLACKCAPS,"""I'm going to cherish every moment of this and never forget this day,""
- Ajaz Patel from the team sheds in Abu Dhabi üé§üé•
#PAKvNZ https://t.co/7bE5Wlimz8"
2018-11-19T21:51:04+00:00,BLACKCAPS,Miss any of the epic final session from Abu Dhabi? Catch a full replay on @skysportnz 2 from 11.50am or SKY Sport 1 at 7pm. #PAKvNZ https://t.co/Mdce9EWUQP
2018-11-19T18:51:15+00:00,BLACKCAPS,Some interesting numbers here via @nzheraldsport #PAKvNZ https://t.co/prhGGej7oa
2018-11-19T13:03:29+00:00,BLACKCAPS,"Our narrowest Test victory ever and one we will never forget üòù
üì∑=@EmiratesCricket 
#PAKvNZ https://t.co/BIlxFeQvDa"
2018-11-19T11:41:07+00:00,BLACKCAPS,https://t.co/uuQrx5GJR1
2018-11-19T10:50:06+00:00,BLACKCAPS,"‚ÄúProud of our fight‚Äù
- Kane Williamson 
#PAKvNZ https://t.co/eGG6hL67KB"
2018-11-19T10:37:52+00:00,BLACKCAPS,What a result! Great to have the late night support at home in New Zealand as well hanging in there with the team. Scorecard | https://t.co/vvhGBsYknh #PAKvNZ https://t.co/a26tUs1Qlz
2018-11-19T09:49:22+00:00,BLACKCAPS,Another! 9 down now as Hasan Ali can't resist swinging at one from Ajaz Patel and he's caught at deep mid on by Tim Southee.   Mohammad Abbas now joins Azhar Ali with just 12 needed. LIVE scoring | https://t.co/vvhGBsYknh #PAKvNZ
2018-11-19T09:31:57+00:00,BLACKCAPS,"OUT!
Number 8 down as Wagner goes BOUNCER - FULL &amp; Yasir Shah is caught well by Taylor at 1st slip. 
21 more needed. Get to a TV or follow live - https://t.co/bOC2UgitxI #PAKvNZ https://t.co/tN8J6VYmYr"
2018-11-19T09:20:55+00:00,BLACKCAPS,"Ajaz Patel is turning this match on its head! He has 2 wickets in 3 balls and Pakistan are now 7 down. 
22 more needed. Tense! Card | https://t.co/bOC2UgitxI #PAKvNZ https://t.co/qiOG7XK7ZM"
2018-11-19T09:14:33+00:00,BLACKCAPS,"Don‚Äôt say it....
6 down as Sarfraz is caught behind off Patel. Wow-we this is tightening up!
22 more needed. #PAKvNZ https://t.co/argcxNjlYV"
2018-11-19T09:00:52+00:00,BLACKCAPS,"RUN-OUT!
Huge mix-up and Babar Azam is run-out after ending up at the same end as Azhar Ali. Pakistan 5 down now, 29 more required. Another twist!? #PAKvNZ https://t.co/R4HWlyErFk"
2018-11-19T08:53:59+00:00,BLACKCAPS,"Day four, session 2. 
The Test will be decided here. 
Pakistan require 46 runs, we need 6 wickets #PAKvNZ https://t.co/sJOduHrLmS"
2018-11-19T08:08:46+00:00,BLACKCAPS,"Four wickets in the first session of day four, but Pakistan have the required runs down below 50. Scorecard | https://t.co/bOC2UgitxI #PAKvNZ https://t.co/3yy7v6PPEu"
2018-11-19T06:24:19+00:00,BLACKCAPS,"Now Ish Sodhi has two in an over as Mohammad Hafeez chips one to cover, followed by Sohail caught and bowled!!
3-11 this morning! It's all on - https://t.co/bOC2UgitxI #PAKvNZ https://t.co/yVX5pgTGGt"
2018-11-19T06:19:08+00:00,BLACKCAPS,"GOT EM!
Ajaz Patel has struck in the 5th over of day four.
Three maidens on the trot followed by Imam-ul-Haw being trapped LBW.
Pakistan: 42-1, 134 to win. #PAKvNZ https://t.co/WXsjms8xFG"
2018-11-19T06:12:34+00:00,BLACKCAPS,"Spin from both ends to start us off on day four in Abu Dhabi.
The equation: Pakistan require 137 to win, we need 10 wickets.
Follow live - https://t.co/bOC2UgitxI #PAKvNZ https://t.co/TmUA3XbmoP"
2018-11-19T03:09:49+00:00,BLACKCAPS,A draw to open the New Zealand A and India A series with bat dominating at Bay Oval. Hamish Rutherford and Seth Rance the top scorers for NZ A while Blair Tickner led the way with the ball. The series now moves to Seddon Park. Video scorecard | https://t.co/pO660db2D8 #NZAvINDA https://t.co/FXtgHrSOXp
2018-11-19T00:07:48+00:00,BLACKCAPS,Prithvi Shaw the only wicket to fall so far on the final day of the opening match of the NZ A v India A series. Shaw out in the first session of the day to Doug Bracewell after making a brisk 50 at Bay Oval. India A 138 ahead.  Video scoring | https://t.co/pO660db2D8 #NZAvINDA https://t.co/RwInjkGg6x
2018-11-18T15:04:47+00:00,BLACKCAPS,"Ebb...
Flow...
And the rest on day three as Pakistan edge in front: https://t.co/OHOo5XSUwp #PAKvNZ https://t.co/FcHnrybBcS"
2018-11-18T13:35:56+00:00,BLACKCAPS,"Another day of ebb and flow in Abu Dhabi.
Watling &amp; Nicholls 112-run stand dominated day 3 before Shah and Ali fought back. 
Pakistan 37-0 at stumps chasing 176 for victory. Card | https://t.co/bOC2UgitxI #PAKvNZ https://t.co/4pKZzj5KMT"
2018-11-18T12:36:44+00:00,BLACKCAPS,"Ish Sodhi swinging the willow for some crucial late runs!
He's struck a 6 and a 4 as the lead pushes up to 174. Patel with him. Two wickets in hand. Live - https://t.co/bOC2UgitxI #PAKvNZ https://t.co/DgQpWiuDbZ"
2018-11-18T12:17:39+00:00,BLACKCAPS,"Make that 4 wickets in 15 balls as Shah bowls Wagner through the gate with a beauty, he now has 5 wickets... The game momentum swings again! Live - https://t.co/bOC2UgitxI #PAKvNZ"
2018-11-18T12:13:34+00:00,BLACKCAPS,"Yasir Shah causing havoc late on day three!
3 wickets in 11 balls as Watling departs LBW for 59.
BLACKCAPS 227-7, the lead is 153. SCORECARD | https://t.co/bOC2UgitxI  #PAKvNZ https://t.co/qGSYtnUdw7"
2018-11-18T11:56:56+00:00,BLACKCAPS,"Big breakthrough for Pakistan as Nicholls underedges a sweep &amp; is well caught by Safras. 
112-run partnership with Watling (57*) is broken. Card | https://t.co/bOC2UgitxI #PAKvNZ https://t.co/OxxhbF42na"
2018-11-18T11:07:34+00:00,BLACKCAPS,"We are back for the final session of day three. Nicholls &amp; Watling have the lead at 124 with 6 wickets in hand. 
Pakistan have taken the 2nd new ball #PAKvNZ https://t.co/CA0TxPkZVe"
2018-11-18T10:45:15+00:00,BLACKCAPS,"The first wicketless session of the Test! Day 3, session 2 üìù
Nicholls (51) and Watling (43) add 64 after lunch as the total grows to 200-4, a lead of 126. For those still awake -how many do we need team?
Card | https://t.co/bOC2UgitxI #PAKvNZ https://t.co/xtti9X9S0i"
2018-11-18T10:33:47+00:00,BLACKCAPS,"A 6th Test 50 for Henry Nicholls and it could be his most important to date, as we push our lead up to 124 in the 2nd session of day three.
Follow live = https://t.co/bOC2UgitxI #PAKvNZ https://t.co/uOhtV1q4FD"
2018-11-18T09:51:42+00:00,BLACKCAPS,@LUFCJohnson No radio commentary available in NZ unfortunately.
2018-11-18T09:49:17+00:00,BLACKCAPS,"Drinks in the 2nd session of day 3. 
Nicholls (32*) and Watling (31*) have put on 61 in 157 balls to stretch the lead to 95. 
Proper Test cricket this. Card | https://t.co/OFwCtMrB27‚Ä¶ #PAKvNZ https://t.co/QRstnId3zs"
2018-11-18T09:16:42+00:00,BLACKCAPS,"Second session tussle underway in Abu Dhabi.
Lead is 70 as Watling and Nicholls scrap hard.
Follow live - https://t.co/bOC2UgitxI #PAKvNZ"
2018-11-18T08:08:31+00:00,BLACKCAPS,"Another intriguing session in Abu Dhabi üèè
78 runs added, but for the loss of Raval (46), Williamson (37) and Taylor (19). Nicholls and Watling put on 26 to hit lunch at 134-4, lead of 60.
Full scorecard | https://t.co/bOC2UgitxI #PAKvNZ https://t.co/vNzP3CdPLK"
2018-11-18T07:27:45+00:00,BLACKCAPS,"Pakistan strike in the second hour of the third day.
Williamson (37), Raval (46) and now Taylor (19) all depart. Hasan Ali has 3 . BLACKCAPS 112-4, a lead of 38. Card | https://t.co/bOC2UgitxI ‚Ä¶ #PAKvNZ https://t.co/cwWnWpS2Ld"
2018-11-18T07:13:14+00:00,BLACKCAPS,More runs for Andrew Fletcher but the @wgtnfirebirds go down to the @CentralStags with rain in play in Lincoln. Tom Bruce with 87 leading the way for the Stags. Scorecard | https://t.co/Pm4gktXDJL #FordTrophy https://t.co/4wGPkiLR7p
2018-11-18T07:06:24+00:00,BLACKCAPS,Colin Munro's 143 off 93 providing valuable pace to @aucklandcricket's rain impacted chase against @ndcricket. Scorecard | https://t.co/CxzHoBVI9e #FordTrophy https://t.co/7MC8mE2Y4y
2018-11-18T06:53:25+00:00,BLACKCAPS,A Brad Wilson üíØ helps the @OtagoVolts to another Ford Trophy win. In the hunt for the top spot of the table. Chad Bowes continuing his good form for @CanterburyCrick with 104. Scorecard | https://t.co/jAMOrbWpZ2 #FordTrophy https://t.co/088jhDWIXD
2018-11-18T06:41:18+00:00,BLACKCAPS,Raval (45*) and Williamson (37*) have negotiated the first 40 mins and we've taken the lead! BLACKCAPS 85-1. Card | https://t.co/bOC2UgitxI #PAKvNZ https://t.co/wVPuHrHfPX
2018-11-18T06:09:26+00:00,BLACKCAPS,"Day three is go. 
Raval and Williamson resume at 56-1, trailing by 18 runs. 
Follow live - https://t.co/bOC2UgitxI #PAKvNZ https://t.co/mqlIuM9Hp9"
2018-11-18T04:52:54+00:00,BLACKCAPS,"‚ÄúWe‚Äôre in a good position, but we‚Äôll have to bat well today before we can look ahead to bowling last for victory.‚Äù - Ajaz Patel taking to Danny Morrison ahead of day three #PAKvNZ https://t.co/HBzf8xmaUR"
2018-11-17T18:04:13+00:00,BLACKCAPS,"Debutant Ajaz Patel reflects on his first Test wicket and the state of play in Abu Dhabi after two days. 
Scorecard | https://t.co/bOC2UgitxI #PAKvNZ https://t.co/ygYjQbsAyl"
2018-11-17T15:25:38+00:00,BLACKCAPS,"What a day of Test cricket!?
How are we all feeling? Level pegging after two days?
#PAKvNZ https://t.co/mCOR3qQtdf"
2018-11-17T14:41:00+00:00,BLACKCAPS,"A couple of milestones clocked for Trent Boult and Neil Wagner today ‚úÖ
Catch up: https://t.co/bOC2UgitxI
#PAKvNZ https://t.co/1Pp4y2TmvK"
2018-11-17T13:12:20+00:00,BLACKCAPS,"Jeet Raval (26) &amp; Kane Williamson (27) make it to stumps on day two - a good one for our boys, after dismissing Pakistan for 227. 
We trail by 18 runs with 9 wickets. Card | https://t.co/bOC2UgitxI #PAKvNZ https://t.co/4RiU9xeY3m"
2018-11-17T12:42:55+00:00,BLACKCAPS,"Jeet Raval (17* off 60) and Kane Williamson (21* off 45) digging in late on the 2nd day. They've whittled the Pakistan lead down to 33, with 9 overs left. 41-1. Card | https://t.co/bOC2UgitxI #PAKvNZ"
2018-11-17T11:29:29+00:00,BLACKCAPS,Hasan Ali strikes with his first ball!Pakistan fans get loud. Williamson enters. Scorecard | https://t.co/bOC2UgitxI #PAKvNZ https://t.co/fKANa1IRqn
2018-11-17T11:23:24+00:00,BLACKCAPS,"Go time üëä
Deficit is 74. 
29 overs remaining on day 2 üëç
Follow live - https://t.co/bOC2UgitxI #PAKvNZ https://t.co/7Px4Tr8zhV"
2018-11-17T11:17:22+00:00,BLACKCAPS,"Another brilliant one-hand catch by BJ Watling dismisses Barber Azam for 62 &amp; Pakistan close on 227, a lead of 74. Boult 4-54, de Grandhomme 2-34. Patel 2-64. Card | https://t.co/bOC2UgitxI #PAKvNZ https://t.co/jMNJPk3AmQ"
2018-11-17T11:09:52+00:00,BLACKCAPS,"OUT!
De Grandhomme has Hasan Ali ct by Taylor at 1st slip straight after tea on day two. Pakistan 227-9, a lead of 74. Card | https://t.co/bOC2UgitxI #PAKvNZ https://t.co/Fyk8x6BKSs"
2018-11-17T10:42:09+00:00,BLACKCAPS,"Neil Wagner with the 8th Pakistan wicket and his 150th Test wicket. 
225-8, lead of 72 at tea #PAKvNZ https://t.co/Ay638DpmCB"
2018-11-17T09:57:26+00:00,BLACKCAPS,"A second wicket for Ajaz Patel ‚ú®
Very tight stumping but @jecfranklin confirms it ‚òùÔ∏è
Pakistan 195-7 - https://t.co/bOC2UgitxI #PAKvNZ https://t.co/jLD3MlTDpk"
2018-11-17T09:34:47+00:00,BLACKCAPS,"A maiden Test wicket for Ajaz Patel and it's the opposition captain.
One has brought TWO! Pakistan 177-6. Scorecard | https://t.co/bOC2UgitxI ‚Ä¶ #PAKvNZ https://t.co/xV0Tda9oHX"
2018-11-17T09:07:12+00:00,BLACKCAPS,"Great to have a couple of ex-BLACKCAPS in the Sony broadcast-box in Abu Dhabi, as Pakistan take the lead at 154-4. @Sdoull &amp; @SteelyDan66 #PAKvNZ https://t.co/UyNdv9ogag"
2018-11-17T08:46:04+00:00,BLACKCAPS,"Huddling-up fro the second session in Abu Dhabi. 
Pakistan next 10 runs to pass our 1st innings total &amp; we need 6 wickets! Live - https://t.co/bOC2UgitxI
#gameon #PAKvNZ https://t.co/tY4v0KjmwR"
2018-11-17T08:24:46+00:00,BLACKCAPS,"A wicket for Sodhi, a second for Boult and a brilliant one-hander by BJ Watling in the morning session, as Pakistan close-in our total for the loss of 4 wickets. Card | https://t.co/bOC2UgitxI #PAKvNZ https://t.co/b37nVmdEEe"
2018-11-17T07:31:44+00:00,BLACKCAPS,"Meanwhile, at Mount Maunganui, opener Hamish Rutherford is 106* at stumps on day two for NZ A against India A.
CATCH UP: https://t.co/X5PseaWt4D #NZAvINDA https://t.co/Tp1LdsJJJN"
2018-11-17T07:13:02+00:00,BLACKCAPS,"Disciplined first hour of bowling reaps rewards as Sodhi &amp; Boult produce double-strike. Pakistan 98-2, trail by 55. Live-scoring | https://t.co/bOC2UgitxI #PAKvNZ https://t.co/9rpB8pF0tE"
2018-11-17T06:05:37+00:00,BLACKCAPS,"Day two begins...
#PAKvNZ https://t.co/cyxvdXhNLm"
2018-11-16T16:40:00+00:00,BLACKCAPS,"Recap from a challenging first day in Abu Dhabi üèè
üëâ Kane Williamson batting highlights and 12 day-one wickets! #PAKvNZ"
2018-11-16T13:31:36+00:00,BLACKCAPS,"Pakistan reach stumps on day 1 at 59-2, trailing by 94 runs. 
Boult &amp; de Grandhomme with the wickets. Card | https://t.co/bOC2UgitxI #PAKvNZ https://t.co/INhPZpJnOD"
2018-11-16T12:34:00+00:00,BLACKCAPS,"OUT!
2 wickets in 7 balls for the boys!
Boult has Hafeez ct by Williamson &amp; Pakistan are 27-2.
Card | https://t.co/bOC2UgitxI #PAKvNZ https://t.co/wn67jjr5bL"
2018-11-16T12:29:52+00:00,BLACKCAPS,"Colin de Grandhomme delivers our first wicket üôå
Some nagging line &amp; length outside off stump eventually finding ul-Haq's outside edge to Williamson at gully! 27-1 #PAKvNZ https://t.co/KVotOGnS1U"
2018-11-16T11:45:06+00:00,BLACKCAPS,"Clinical effort with the ball led by Pakistan who have dismissed us for 153 on day one. Yasir Shah (3-54), Mohammad Abbas (2-13) &amp; Hasan Ali (2-38). Williamson 63 &amp; Nicholls 28 the NZ best. #PAKvNZ https://t.co/aQEgtgTNHV"
2018-11-16T11:08:03+00:00,BLACKCAPS,"Pakistan in control with the ball on day one.
They've claimed 5-56 since lunch to have the BLACKCAPS 139-8. Card | https://t.co/bOC2UgitxI #PAKvNZ https://t.co/m3lxuEz0hp"
2018-11-16T10:41:21+00:00,BLACKCAPS,"Trouble after lunch...
Pakistan have snared four wickets in the first hour. Williamson out for 63 and Nicholls for 28. Wagner joins Watling at 128-7 #PAKvNZ https://t.co/kJo1jeHYul"
2018-11-16T09:57:37+00:00,BLACKCAPS,50 for Kane and 100 up for the team for the loss of 3. Card | https://t.co/bOC2UgitxI #PAKvNZ https://t.co/dGp9SmQQSv
2018-11-16T09:37:40+00:00,BLACKCAPS,"Williamson (40*) &amp; Nicholls (15*) head out for the 2nd session. 
BLACKCAPS: 81-3 - https://t.co/bOC2UgitxI #PAKvNZ https://t.co/uTqwH4a3vu"
2018-11-16T08:53:48+00:00,BLACKCAPS,Good 42-run partnership from Williamson (40*) and Nicholls (15*) gets us to lunch at 81-3. Disciplined display by Pakistan in the 37 overs. Card | https://t.co/bOC2UgitxI #PAKvNZ https://t.co/pnp8CTRi1J
2018-11-16T07:44:08+00:00,BLACKCAPS,Yasir Shah with a couple of wickets as Williamson and Nicholls get us through to 43-3 at the 2nd drinks in the first session #PAKvNZ https://t.co/vOVG9xxVtm
2018-11-16T07:07:21+00:00,BLACKCAPS,"Oh no. After an hour of hard toil, Latham is caught at mid-wicket of Yasir Shah for 13. BLACKCAPS 35-2, Taylor joins Williamson #keyduo Card | https://t.co/bOC2UgitxI #PAKvNZ https://t.co/RdiALnFD7q"
2018-11-16T06:50:09+00:00,BLACKCAPS,Jeet Raval the first man out as Mohammad Abbas brushes the edge through to Safraz. BLACKCAPS 24-1 after 12 overs. Live scores: https://t.co/bOC2UgitxI #PAKvNZ https://t.co/452GZssPXZ
2018-11-16T06:34:03+00:00,BLACKCAPS,"Solid start from Latham and Raval, 20-0 after the first half an hour in Abu Dhabi üèè
ICYMI: Ajaz Patel will make his Test debut! Thanks @jecfranklin for presenting the caps last night üôå #PAKvNZ https://t.co/PH8qcw5HaG"
2018-11-16T06:10:16+00:00,BLACKCAPS,Jeet Raval gets us underway with 4 for through the covers &amp; Latham follows him next over. Follow LIVE and tell us where you're supporting from üëç https://t.co/bOC2UgitxI #PAKvNZ https://t.co/369dqc5stJ
2018-11-16T06:05:35+00:00,BLACKCAPS,Jeet Raval gets us underway with 4 runs through the covers in Abu Dhabi! Follow live &amp; tell us where you're watching from üëç - https://t.co/bOC2UgitxI #PAKvNZ
2018-11-16T05:34:37+00:00,BLACKCAPS,"Kane Williamson has won the toss in Abu Dahbi &amp; we‚Äôre having a bat in the 1st Test üèè
Boult, Wagner &amp; de Grandhomme the seamers, Sodhi &amp; Patel (Test debut) the spinners üëç #PAKvNZ https://t.co/K4KPLktIkp"
2018-11-16T02:04:39+00:00,BLACKCAPS,Andrew Fletcher in the runs again as the @wgtnfirebirds post 256. The @CanterburyCrick nearly underway. LIVE scoring | https://t.co/DFkihr0OoP #FordTrophy https://t.co/uyMM4JaeeR
2018-11-16T02:03:07+00:00,BLACKCAPS,Will 291 be enough for the @OtagoVolts against @ndcricket? Chase on now! LIVE scoring | https://t.co/Xe8htwg7Bb #FordTrophy https://t.co/ObPnoTFGdI
2018-11-16T02:01:06+00:00,BLACKCAPS,Impressive stuff from Josh Clarkson for the @CentralStags. A 2nd List A üíØ pushing his team to 226 against v @aucklandcricket. LIVE scoring | https://t.co/x310rBvcOh #FordTrophy https://t.co/5wJacGv26H
2018-11-15T19:25:06+00:00,BLACKCAPS,"üé§üé•
Word from the camp via bowling coach Shane Jurgensen üó£
#PAKvNZ https://t.co/sxdgZaHTa1"
2018-11-15T08:16:59+00:00,BLACKCAPS,"#training 
#testcricket
#PAKvNZ https://t.co/QljDPHnbo5"
2018-11-14T11:58:47+00:00,BLACKCAPS,"Test cricket time üòç
#training #PAKvNZ https://t.co/xquwypU3HD"
2018-11-14T06:37:25+00:00,BLACKCAPS,Tons for Jack Boyle and Stephen Murdoch can't get @CanterburyCrick over the line against @ndcricket. Joe Carter impressing again with the bat for ND. Scorecard | https://t.co/miyAl7VMTs #FordTrophy https://t.co/JCcEjTzjk2
2018-11-14T06:34:03+00:00,BLACKCAPS,Tight win for the @OtagoVolts over @aucklandcricket by 3 wickets. Both teams right in the mix during the match. Otago now 2nd in the Ford Trophy race. Scorecard | https://t.co/iKzq2HqYd8 #FordTrophy https://t.co/IHUR2g0r84
2018-11-14T04:30:21+00:00,BLACKCAPS,"NZC is saddened by news of the passing of our former chairman, Sir John Anderson. Sir John will be remembered as a business leader and an extremely dedicated supporter of cricket in New Zealand. Our thoughts at this time are with his family and friends. https://t.co/5ozvcKOLTA"
2018-11-14T02:30:29+00:00,BLACKCAPS,"Some of Ian Smith's career highlights speaking at the NZC AGM after being made a life member.
-Representing NZ üèè
-Keeping to Sir Richard Hadlee üèè
-Calling NZ's first Test win at @HomeOfCricket üéô
-Calling @Bazmccullum's 302 üéô
-Calling @grantelliottnz's @cricketworldcup six üéô https://t.co/t43aepVjAd"
2018-11-14T00:04:42+00:00,BLACKCAPS,Here we go! Great start for Amelia Kerr in the opening over. #WT20 #WatchThis
2018-11-13T23:23:59+00:00,BLACKCAPS,12 new life members of NZC were elected today during the 124th NZC AGM. Full details from the meeting at the @BasinReserve here | https://t.co/gIHyrL4fbD #CricketNation https://t.co/xUpwPM39Cl
2018-11-13T21:27:18+00:00,BLACKCAPS,The 124th NZC Annual General Meeting being opened by @grantrobertson1 at the @BasinReserve. The Minister's highlight from the last year as a fan was Amelia Kerr's record 232* and 5-17 against Ireland. #CricketNation https://t.co/Se64sfwMqt
2018-11-12T23:24:37+00:00,BLACKCAPS,We have New Zealand A squad news ahead of the first match against India A starting on Friday at @BayOvalOfficial. Squad | https://t.co/J94qgp0Yx7 #NZAvINDA https://t.co/bQJSsm0SVI
2018-11-12T20:27:45+00:00,BLACKCAPS,It's all happening in the Ford Trophy! Which teams will come out still in the finals mix after a bumper week of action in Canterbury? Preview | https://t.co/yaxsxb8bDZ #FordTrophy https://t.co/75bXmkRR6o
2018-11-12T04:50:59+00:00,BLACKCAPS,"Things are tight in the race for the #FordTrophy! Catch up on all the details from the weekend's action. 
@aucklandcricket v @CentralStags | https://t.co/E0cHkKc3s4
@ndcricket v @CanterburyCrick | https://t.co/H3vGIXW8cD
@OtagoVolts v @wgtnfirebirds | https://t.co/jDI7EVbMCg https://t.co/qV8ytijJVQ"
2018-11-11T18:52:35+00:00,BLACKCAPS,"Dissapointing finish with the weather, but great to see the two sides mixing it up with the shared trophy photo üèèüèÜüôå
#SpiritOfCricket https://t.co/5dGLbUeasq"
2018-11-11T17:59:40+00:00,BLACKCAPS,"Rain has had the final say in Dubai üòå
Match called off - series drawn (1-1) üèè #PAKvNZ https://t.co/ldLTbtHdZq"
2018-11-11T17:16:43+00:00,BLACKCAPS,"It has now officially stopped raining...
Hopefully, it stays away as the umpires take a look.
We've lost at least 12 overs already by rough calculations!
ICYMI: earlier, Ferguson secured career-best ODI figures as Pakistan posted 279 üëá #PAKvNZ https://t.co/l6KsmrsP9F"
2018-11-11T16:53:10+00:00,BLACKCAPS,"HUGE CHEER at the Dubai International Sports Stadium as it momentarily stops raining...
#PAKvNZ"
2018-11-11T16:39:56+00:00,BLACKCAPS,"The rain has eased but covers firmly on &amp; we are losing overs (5 &amp; counting).
Worker and Nicholls pre üí¶ had put on 32 from 37 after the early loss of Munro #PAKvNZ https://t.co/R0RmApqe3x"
2018-11-11T16:18:32+00:00,BLACKCAPS,Live scenes from down the road in Abu Dubai courtesy of our friend Kiwi John at @MiddleEastTouch #PAKvNZ #stormy https://t.co/DFMwIPzn9W
2018-11-11T15:58:08+00:00,BLACKCAPS,"Rain üí¶
In the UAE ü§®
It‚Äôs temporarily (hopefully) suspended our run-chase at 35-1 in the 7th over. Covers in üèè #PAKvNZ https://t.co/yOlVMJv3VU"
2018-11-11T15:52:42+00:00,BLACKCAPS,"‚òîÔ∏è It‚Äôs raining in the desert ‚òîÔ∏è
#believeit 
BCs 35-1 after 6.5 overs chasing 280 to win the 3rd and final ODI #PAKvNZ https://t.co/xKhEnk8mdN"
2018-11-11T15:40:59+00:00,BLACKCAPS,"Worker (9*) and Nicholls (9*) in the middle after the early Munro wicket. 20-1 after 4 overs, and, would you believe, some spits of rain! #PAKvNZ https://t.co/BaeX4RUj69"
2018-11-11T14:34:12+00:00,BLACKCAPS,"Career-best ODI figures of (5-45) for Lockie Ferguson, including three wickets in the final over, as Pakistan finished on 279. Azam 90, Zaman 65 and Sohail 62. Henry https://t.co/7h74QtdPNy"
2018-11-11T14:26:42+00:00,BLACKCAPS,"Brilliant knock by Babar Azam comes to an end on 92 off 100 balls.
4 fours and 1 six. Pakistan 275-6 in the final over #PAKvNZ https://t.co/22hLnaPwkg"
2018-11-11T13:33:29+00:00,BLACKCAPS,"Pakistan poised to launch in Dubai at 188-2 with 12 overs remaining.
Babar Azam (47*) &amp; Haris Sohail (53*) have put on 98.
Card | https://t.co/FjmA3kAVpf #PAKvNZ https://t.co/juE1cQqZyo"
2018-11-11T12:10:44+00:00,BLACKCAPS,It's the üöÄ Rocket-Man üöÄ Lockie Ferguson again causing problems for the Pakistan batsman. He's claimed the first wicket as Hafeez stands on his stumps for 19. The hosts 76-1 after 17 overs in Dubai #PAKvNZ https://t.co/njCl79sSpj
2018-11-11T11:52:57+00:00,BLACKCAPS,"Solid start from Zaman and new opener Hafeez.
Ferguson &amp; de Grandhomme replace Henry &amp; boult.
Pakistan 48-0 after the opening 10 overs.
Follow live - https://t.co/FjmA3kAVpf #PAKvNZ https://t.co/7tjIb8VRlh"
2018-11-11T10:59:30+00:00,BLACKCAPS,The sides for today‚Äôs ODI decider in Dubai. We‚Äôre having a bowl #PAKvNZ https://t.co/ikFTdxNTkN
2018-11-11T10:37:13+00:00,BLACKCAPS,"Pakistan have won the toss and elected to bat in the 3rd ODI. 
Kane Williamson out with a minor groin strain. Watling in along with Henry for Southee #PAKvNZ #TheDecider https://t.co/QxI6slnZfR"
2018-11-11T10:14:41+00:00,BLACKCAPS,"The Dubai decider is here!
#PAKvNZ #ODI3 https://t.co/WAdljBUSa9"
2018-11-09T19:01:09+00:00,BLACKCAPS,Post match handshakes after ODI 2. Dubai will host the decider! #PAKvNZ https://t.co/HT4iudFF4T
2018-11-09T18:30:10+00:00,BLACKCAPS,Pakistan level things up in Abu Dhabi. Mohammad Hafeez with the winning runs to secure a 6 wicket win. We go to Dubai for the decider! Scorecard | https://t.co/OEzwAfc7wn #PAKvNZ
2018-11-09T18:16:56+00:00,BLACKCAPS,A late wicket for Ish Sodhi. Sarfraz Ahmed looking to cut but edges it fine and Tom Latham takes a good catch to dismiss his fellow keeper. Pakistan now 204-4 in the 38th over chasing 210. LIVE scoring | https://t.co/OEzwAfc7wn #PAKvNZ
2018-11-09T18:08:15+00:00,BLACKCAPS,Pakistan 35 overs into their chase and 184-3 on the board with  Mohammad Hafeez 10* and Sarfraz Ahmed 5*. After 210 to level the series. LIVE scoring | https://t.co/OEzwAfc7wn #PAKvNZ
2018-11-09T17:58:48+00:00,BLACKCAPS,"A candidate for one of the stranger dismissals you'll see...
Malik has smashed a pull shot into the shoulder of the close-in fielder Henry Nicholls and Ish Sodhi has caught the rebound running in from mid-wicket!
Follow live - https://t.co/sWc1YRCOWb #PAKvNZ"
2018-11-09T17:56:35+00:00,BLACKCAPS,Shoaib Malik is out for 10 in rather unusual fashion. Pulls a  Lockie Ferguson delivery straight into the left shoulder of Henry Nicholls at short leg. Ish Sodhi then takes the deflection. 177/3 now in the 33rd over. LIVE scoring | https://t.co/OEzwAfc7wn #PAKvNZ
2018-11-09T17:24:47+00:00,BLACKCAPS,"A fine innings from Zaman comes to an end on 88.
He top edges Ferguson and is well taken by Sodhi.
Pakistan still very much in control at 155-1 after 28 overs.
#PAKvNZ https://t.co/nDFmtIsDai"
2018-11-09T16:19:02+00:00,BLACKCAPS,"Solid start by Pakistan, 58-0 after 13 overs in pursuit of 210 to win the 2nd ODI. Imam-ul-Haq has left the field after being hit on the helmet. Card | https://t.co/sWc1YRCOWb #PAKvNZ"
2018-11-09T15:14:09+00:00,BLACKCAPS,210 is the target for Pakistan in Abu Dhabi if they are to keep the ODI series alive. Boult to open up ‚ö°Ô∏è #PAKvNZ https://t.co/3cNAc7jjiJ
2018-11-09T14:32:37+00:00,BLACKCAPS,An unbeaten 86 from Ross Taylor helps us set Pakistan 210 to win the 2nd ODI. Contributions from Nicholls (33) &amp; Worker (28) üëç #PAKvNZ https://t.co/XfSmIa5qKN
2018-11-09T14:22:08+00:00,BLACKCAPS,Trent Boult promoted to number 10 as we close in on 200 with 8 balls remaining. Taylor remains 77* #PAKvNZ https://t.co/iBdnAeVqK0
2018-11-09T13:46:08+00:00,BLACKCAPS,"Nicholls out for 33 and his 75-run stand with Taylor (64*) is broken.
BLACKCAPS 157-5 with 10 overs remaining. How many do we need minimum? #PAKvNZ https://t.co/iqplKFMBrA"
2018-11-09T13:19:51+00:00,BLACKCAPS,Nice rebuild from Taylor (48*) and Nicholls (30*) who have put on 61 to have the BLACKCAPS poised at 134-4 after 34 overs #PAKvNZ https://t.co/ni0XWdEn4R
2018-11-09T12:51:41+00:00,BLACKCAPS,"100 up in the 27th over for the loss of 4 wickets.
Taylor (30*) and Nicholls (16*) have put on 30 after some quick wickets.
Card | https://t.co/sWc1YRCOWb #PAKvNZ https://t.co/T4ESWZz2iF"
2018-11-09T12:17:39+00:00,BLACKCAPS,Ross Taylor (18*) shaping as the main man again as Afridi bowls Latham for 1. Nicholls enters at 73-4 in the 17th over. Card | https://t.co/sWc1YRCOWb #PAKvNZ https://t.co/Nmkncaz2JD
2018-11-09T11:25:48+00:00,BLACKCAPS,"Terrible luck for the captain who is run out at the non-striker‚Äôs end by the hand of Afridi. Munro the other man our for 13. 
BLACKCAPS 28-2 after 5 overs #PAKvNZ https://t.co/5SXyNacDhV"
2018-11-09T10:38:24+00:00,BLACKCAPS,"Williamson wins back to back tosses &amp; we‚Äôre having another bat. 
Same XI as game 1. 
Pakistan üîÅ Faheem in for Khan #PAKvNZ https://t.co/AVueq6vMo8"
2018-11-09T09:38:19+00:00,BLACKCAPS,‚ÄúI‚Äôm enjoying being back in the BLACKCAPS and performing a role through the middle overs when it‚Äôs harder to take wickets.‚Äù - Lockie Ferguson #PAKvNZ #ODI2 https://t.co/HshHz3yuQW
2018-11-08T15:52:04+00:00,BLACKCAPS,BREAKING NEWS: Todd Astle heading home with injury - Will Somerville called up to BLACKCAPS Test squad üì∞https://t.co/HVWFmqC8ktüì∞ #PAKvNZ https://t.co/rfw5Mhln9t
2018-11-07T23:52:56+00:00,BLACKCAPS,What better man to interview Trent Boult after play than fellow NZ ODI hat-trick hero - Danny Morrison üôå #PAKvNZ https://t.co/UvQlWh1fnT
2018-11-07T18:52:45+00:00,BLACKCAPS,Lockie Ferguson! The Auckland Ace gets two in two balls to finish things off. Hasan Ali caught and Junaid Khan bowled. Pakistan finish 219 and we go up 1-0 by 47 runs. Top start to the series in Abu Dhabi. #PAKvNZ https://t.co/85Q6tiS6EM
2018-11-07T18:46:55+00:00,BLACKCAPS,Southee has his first! Imad is out just after reaching 50 in the 47th. Colin de Grandhomme with a top diving catch on the edge of the circle just behind point. Pakistan now 219-8. #PAKvNZ
2018-11-07T18:37:20+00:00,BLACKCAPS,5 overs to go now in Abu Dhabi. Pakistan 206-7 needing 61 off 30 balls. Boult about to start his final over. #PAKvNZ
2018-11-07T18:19:35+00:00,BLACKCAPS,There it is! Colin de Grandhomme delivers just after being crunched for 4. Gets Sarfraz Ahmed for 64 with a nice full one. Off stump gone. Pakistan now 188/7 after 41. Hasan Ali joins Imad 39*. #PAKvNZ
2018-11-07T18:10:04+00:00,BLACKCAPS,ICYMI - All the details on a WORLD RECORD day for @ndcricket's Brett Hampton and Joe Carter. Story üìÑ| https://t.co/KUIyZEn1Xo #FordTrophy https://t.co/Yg0e9VNaeN
2018-11-07T18:06:44+00:00,BLACKCAPS,Sarfraz Ahmed has 50. Fighting hard for Pakistan. Brings it up with 4 off Sodhi from 59 balls. 166-6 now in the 39th over chasing our 266. #PAKvNZ
2018-11-07T17:58:10+00:00,BLACKCAPS,Just inside the final 15 overs of Pakistan's chase. Sarfraz 38* &amp; Imad 29* have @TheRealPCB 150-6 after 36. Chasing 267 for the win or 117 off 84 balls. Sodhi and Southee with the ball. #PAKvNZ
2018-11-07T17:47:04+00:00,BLACKCAPS,"Great to see some Kiwis in the crowd on this special day ‚ö°Ô∏è
Trent Boult the hat-trick hero as Pakistan edge to 130-6 in the 34th #PAKvNZ
üì∑ = @EmiratesCricket üëå https://t.co/n0PdTxjnJQ"
2018-11-07T17:30:11+00:00,BLACKCAPS,"ICYMI: Jeet Raval nicely poised on 67* for NZ A in Abu Dhabi.
üì∞ https://t.co/qyFtUU9Ur3 üìÉ #PAKvNZ"
2018-11-07T17:01:22+00:00,BLACKCAPS,"HOW IS THAT!?
Trent Boult's ODI Hat-Trick was the fifth by a Kiwi and 3rd by a BLACKCAP. Can you name the other four players including the two @WHITE_FERNS üßê #PAKvNZ https://t.co/pBnGECGZuF"
2018-11-07T16:09:54+00:00,BLACKCAPS,"Trent Boult is BACK in case you hadn't heard ...
First 3 wickets in successive balls - otherwise known as a hat-trick!
Pakistan fighting hard at 39-3 after 10 overs #PAKvNZ https://t.co/YUza7jRIx6"
2018-11-07T15:43:41+00:00,BLACKCAPS,"Trent Boult has joined an exclusive club of international bowlers  ‚ö°Ô∏è
#PAKvNZ https://t.co/sSKq96VDM7"
2018-11-07T15:31:30+00:00,BLACKCAPS,Trent Boult = HAT TRICK üî•
2018-11-07T15:15:57+00:00,BLACKCAPS,"Time to field. 
267 is the target. 
Boult is back and with the new ball #PAKvNZ https://t.co/t15HgUvLV3"
2018-11-07T14:38:39+00:00,BLACKCAPS,6 off the final ball by Boult &amp; crucial late runs from Sodhi (24 off 19) and Southee (20 off 21) gets us up to 266-9 from our 50. Earlier üëç knocks from Taylor 80 &amp; Latham 68 #PAKvNZ https://t.co/bFJIJrUlLN
2018-11-07T14:10:06+00:00,BLACKCAPS,"Ross Taylor falls for 80. Bowled by Imad Wasim. Pakistan on a roll, as we teeter at 210 for 7 in the 43rd over. Southee &amp; Sodhi to the wicket #PAKvNZ"
2018-11-07T14:04:44+00:00,BLACKCAPS,Three wickets in four balls for Pakistan. Tom Latham out LBW to Shadab Khan for 68 off 64 balls &amp; Nicholls + de Grandhomme out. Latham &amp; Taylor (79*) with a 130-run stand. BLACKCAPS 208-6 in the 42nd over #PAKvNZ https://t.co/d5lfKAeyQI
2018-11-07T13:47:22+00:00,BLACKCAPS,"Tom Latham passes 50 as his partnership with Taylor (70*) passes 100.
BLACKCAPS ready to launch at 187-3 with 12 overs remaining #PAKvNZ https://t.co/4P4lESII42"
2018-11-07T13:31:00+00:00,BLACKCAPS,Ross Taylor posts his 42nd ODI half-century and is now accelerating as we enter the final 15 overs. BCs 160-3. Latham with him on 38* off 38 #PAKvNZ https://t.co/sEDysWpa80
2018-11-07T12:34:49+00:00,BLACKCAPS,Ross Taylor (24*) in ominous touch in ODI 1 in Abu Dhabi. He's just lost Williamson for 27. Latham at the wicket now with the BLACKCAPS 91-3 after 20 overs #PAKvNZ https://t.co/XYozEncMMp
2018-11-07T11:56:51+00:00,BLACKCAPS,"Kane Williamson and Ross Taylor building a partnership in Abu Dhabi as the BLACKCAPS finish the power-play at 47-2. 
Munro 29 off 27 to get us going. Hasan Ali &amp; Imad Wasim into the attack #PAKvNZ https://t.co/7Deo4AsPd5"
2018-11-07T11:29:03+00:00,BLACKCAPS,"Tight start with the ball by Pakistan. George Worker the man out, BLACKCAPS 28-1 after 6 overs #PAKvNZ https://t.co/RtY0xYZjCw"
2018-11-07T10:43:53+00:00,BLACKCAPS,The teams for today‚Äôs 1st ODI in Abu Dhabi üîç #PAKvNZ https://t.co/9Mc1djjV3o
2018-11-07T10:34:38+00:00,BLACKCAPS,"Kane has called correctly and we‚Äôre having a bat in Abu Dhabi üëç
Worker to open, Latham to keep, Ferguson the 3rd quick with Sodhi the spinner #PAKvNZ https://t.co/K9aGihmRrr"
2018-11-07T10:07:53+00:00,BLACKCAPS,Game one of the three-match ODI series starts today in Abu Dhabi üëâ3pm local time (midnight NZT) live on @skysportnz #PAKvNZ https://t.co/6JZKDtEzQv
2018-11-07T09:30:34+00:00,BLACKCAPS,"‚ÄúWe‚Äôve been playing some good one-day cricket in recent times, but this is very different conditions to home so we‚Äôll have to adapt quickly.‚Äù - Tom Latham #PAKvNZ https://t.co/23BpLNHpD6"
2018-11-07T07:07:35+00:00,BLACKCAPS,Hamish Rutherford‚Äôs top List A score helps power the @OtagoVolts to a home Ford Trophy win. Victors over @CanterburyCrick by 62 runs. Scorecard | https://t.co/cyy2sHP3iW #FordTrophy https://t.co/qBExgJQ1DD
2018-11-07T05:44:37+00:00,BLACKCAPS,An impressive maiden üíØ for Dean Foxcroft can‚Äôt carry the @CentralStags over the line against @ndcricket. The Carter &amp; Hampton Show helps ND to a first Ford Trophy win of the season. Scorecard | https://t.co/rVWIjqwNmm #FordTrophy https://t.co/dWsjWUcQsN
2018-11-07T05:20:45+00:00,BLACKCAPS,Big win for the @wgtnfirebirds at the @BasinReserve over @aucklandcricket. The 120 run win boosting their lead on the #FordTrophy table. Scorecard | https://t.co/egnT6ZdMzh https://t.co/09Kv2vvB3q
2018-11-07T02:21:29+00:00,BLACKCAPS,A maiden List A üíØ for Joe Carter! His 102* leading a big comeback for @ndcricket at Seddon Park. The @CentralStags will be chasing 314 to win after having ND 95-5 at one stage. LIVE video scoring | https://t.co/rVWIjqwNmm #FordTrophy https://t.co/yn6YVonsjs
2018-11-07T01:23:09+00:00,BLACKCAPS,A remarkable partnership between Brett Hampton and Joe Carter comes to an end at Seddon Park. 178 runs and 12 sixes between them. @ndcricket v @CentralStags LIVE video scoring | https://t.co/rVWIjqOoKW #FordTrophy https://t.co/M7pGkPERn1
2018-11-07T01:12:55+00:00,BLACKCAPS,Hamish Rutherford notches his second Ford Trophy üíØ this season! With a #PlunketShield ton as well he's been in good form for the @OtagoVolts. Building a total with Anaru Kitchen v @CanterburyCrick. LIVE scoring | https://t.co/cyy2sHP3iW #FordTrophy https://t.co/3nrLpIsZB8
2018-11-06T23:34:31+00:00,BLACKCAPS,Hamish Rutherford leading the charge again for the @OtagoVolts. 50 up at University of Otago Oval. Neil Broom with him. LIVE scoring | https://t.co/cyy2sHP3iW #FordTrophy https://t.co/brUTVnIEBp
2018-11-05T23:35:03+00:00,BLACKCAPS,We have squad news ahead of the ODI series against @TheRealPCB. More üìÑ| https://t.co/8Hc0vpZAct #PAKvNZ #CricketNation https://t.co/ZTLyiP2PBz
2018-11-04T19:24:31+00:00,BLACKCAPS,Kane Williamson picking up batsman of the match for his 60 off 38 #PAKvsNZ https://t.co/NFOBSS5svl
2018-11-04T19:09:16+00:00,BLACKCAPS,"Fair play to Pakistan, they‚Äôve been impressive this series and too good again tonight. 
#PAKvNZ https://t.co/c3gcOVVKVI"
2018-11-04T19:06:59+00:00,BLACKCAPS,Pakistan wrap things up through Waqas Maqsood bowling Seth Rance in the 17th over and complete an impressive series. All out for 119 with Williamson 60 leading the scoring. Scorecard | https://t.co/Fzfek1jUlU #PAKvNZ
2018-11-04T18:55:59+00:00,BLACKCAPS,Taylor falls at the end of the 15th. 107/8 now with 60 needed off 30 balls. Ferguson and Sodhi in. Pakistan really putting the pressure on with the ball in the last three overs. LIVE scoring | https://t.co/Fzfek1jUlU #PAKvNZ
2018-11-04T18:49:45+00:00,BLACKCAPS,Strong patch for Pakistan continues. Chapman stumped for 2 off Syed Wasim who then picks up Tim Seifert first ball. 6 overs to go now with the team 103-6. Taylor 5* with Southee in the middle. LIVE scoring | https://t.co/Fzfek1jUlU #PAKvNZ
2018-11-04T18:42:22+00:00,BLACKCAPS,Big over for Pakistan. Williamson and Phillips both gone. Williamson caught trying to go down the ground and Phillips plays on from Shadab Khan. 98-4 after 13. LIVE scoring | https://t.co/Fzfek1jUlU #PAKvNZ
2018-11-04T18:36:54+00:00,BLACKCAPS,Two more good overs from Williamson 60* and Phillips 26*. Both players now able to find the boundary with the score 96-2 after 12. 71 needed now off 48 balls. LIVE scoring | https://t.co/Fzfek1jUlU #PAKvNZ
2018-11-04T18:27:59+00:00,BLACKCAPS,Kane Williamson 46* leading a flurry of three good overs with Phillips 13* to the 10 over mark. Partnership is 55 and score 68-2. LIVE scoring | https://t.co/Fzfek1jUlU #PAKvNZ
2018-11-04T18:15:54+00:00,BLACKCAPS,7 overs into the chase and we are 32/2. Williamson 14* and Phillips 9* looking to work the ball around and push the tempo as they chase Pakistan's 166. LIVE scoring | https://t.co/Fzfek1jUlU #PAKvNZ
2018-11-04T17:26:34+00:00,BLACKCAPS,"Big chase coming up üèè
#PAKvNZ https://t.co/9AJwX59GHZ"
2018-11-04T17:02:53+00:00,BLACKCAPS,"Pakistan 112-1 with 5 overs to go in Dubai.
Babar Azam is leading the way on 69* off 52.
Follow live on @skysportnz or https://t.co/S0HFMxvGmo #PAKvNZ https://t.co/fWZ0JTyiJa"
2018-11-04T16:25:19+00:00,BLACKCAPS,"Really impressive start with the ball. Rance, Southee &amp; Ferguson have been right on the money. Zaman the man out for 11 as we end the power-play #PAKvNZ https://t.co/wRgkPzSuBO"
2018-11-04T16:04:41+00:00,BLACKCAPS,"Seth Rance with the first over &amp; it‚Äôs a goodie! 
Has it swinging &amp; concedes just the 1 run üëå #PAKvNZ https://t.co/K8PdPCtGix"
2018-11-04T15:35:11+00:00,BLACKCAPS,"Pakistan has won the toss &amp; elected to bat first. Same pitch as 2nd T20I. 
3 changes: Ferguson, Rance and Chapman in for Milne, Patel &amp; Anderson (Heel injury)
#PAKvNZ https://t.co/LExEO2Vyu3"
2018-11-04T15:28:14+00:00,BLACKCAPS,"Game day - 3rd T20I üèè
#PAKvNZ https://t.co/04HEwVkclE"
2018-11-04T09:31:27+00:00,BLACKCAPS,Ish Sodhi believes the BLACKCAPS must learn from Pakistan in order to beat them in the final T20I in Dubai tonight #PAKvNZ https://t.co/c2O8r3NxbW
2018-11-04T07:54:50+00:00,BLACKCAPS,The @OtagoVolts stay well in the Ford Trophy mix with a home win over the @CentralStags. Busy final few overs at the University of Otago Oval. Scorecard | https://t.co/NVQRKIE0bP #FordTrophy https://t.co/A6bIBmcf7K
2018-11-04T06:21:01+00:00,BLACKCAPS,A Captain Cachopa üíØ helps @aucklandcricket in a tight match at @edenparknz against @CanterburyCrick. The Aces now sitting in 2nd on the Ford Trophy table. Full Story | https://t.co/0ncFHE9VPu #FordTrophy https://t.co/XRRkt1wfwt
2018-11-04T06:08:07+00:00,BLACKCAPS,The @wgtnfirebirds are setting the pace in the Ford Trophy. Jimmy Neesham leading the way with 86 against @ndcricket while Anton Devcich took 5-46. Full Story | https://t.co/mKOGO38mE4 #FordTrophy https://t.co/UH88K1owxs
2018-11-03T14:56:44+00:00,BLACKCAPS,"Back in the nets at the Dubai Sports Stadium.  
Tough loss last night, but hungry for a win on Sunday, 5am Monday NZT #PAKvNZ https://t.co/KYIrsZbD7R"
2018-11-02T22:09:24+00:00,BLACKCAPS,"Kane Williamson üî•üôåüëá
#PAKvNZ @skysportnz https://t.co/5tmX6hRBqf"
2018-11-02T19:10:05+00:00,BLACKCAPS,"Pakistan get home with 2 balls to spare in another final over thriller üí•
#PAKvNZ https://t.co/Nb7BM8ypEK"
2018-11-02T19:07:14+00:00,BLACKCAPS,"Single and then WICKET as Malik picks out Phillips on the fence. 
6 to win off 4 balls. Milne is the bowler. 
#PAKvNZ https://t.co/il1elIltir"
2018-11-02T19:04:51+00:00,BLACKCAPS,"7 to win from the final over. 
Adam Milne to bowl. 
Hafeez (27*) &amp; Malik (10*) at the wicket. 
#PAKvNZ https://t.co/huBxsMKhXv"
2018-11-02T18:55:04+00:00,BLACKCAPS,"Pakistan requires 23 off 18 balls. 
Munro on for the 18th. 
#PAKvNZ https://t.co/qaqWETR9TE"
2018-11-02T18:40:17+00:00,BLACKCAPS,"Big wicket from Tim Southee üî•
Babar Azam (#1 T20 batsman) OUT for 40 as the chase tightens up again!
Pakistan needs 56 off 37 balls with 8 wickets in hand.
#PAKvNZ https://t.co/oFn0bxTmkY"
2018-11-02T18:25:29+00:00,BLACKCAPS,"Tense run-chase this!
Pakistan 75-1 after 10 overs, chasing 154 for victory in the 2nd T20I üèè
#PAKvNZ https://t.co/VpgQS26rEZ"
2018-11-02T18:08:31+00:00,BLACKCAPS,"Huge moment üí•
Williamson with a breathtaking one hander to remove Zaman who was flying along. 154 is the target #PAKvNZ https://t.co/9rREF89MDv"
2018-11-02T17:40:48+00:00,BLACKCAPS,"Shot Corey!
44* from 25 balls helps us post 153-7 from our 20 overs. 
Munro 44 &amp; Williamson 37 üôå
#PAKvNZ https://t.co/VLr20b2enb"
2018-11-02T17:35:02+00:00,BLACKCAPS,"A brilliant scoop for 6 by Seifert before he goes. 150 in our sights in the final over!
#PAKvNZ https://t.co/OCjAwEyw6x"
2018-11-02T17:09:42+00:00,BLACKCAPS,"5 overs to go in Dubai. 
How many do we need!?
#PAKvNZ https://t.co/GFN8PaAKH6"
2018-11-02T16:57:09+00:00,BLACKCAPS,"Pakistan have applied the brakes in Dubai after Munro‚Äôs early fireworks!
Anderson joins Williamson (24*)
BLACKCAPS 84-4 with 7 overs remaining #PAKvNZ https://t.co/ZowtmCbewp"
2018-11-02T16:31:03+00:00,BLACKCAPS,"50-1 after the opening 6-over power-play.
It's been that man again, Colin Munro doing the damage!
He's 43* off 26 &amp; has been joined by Williamson #PAKvNZ https://t.co/3Yl5uRUMPe"
2018-11-02T16:27:07+00:00,BLACKCAPS,Will Young and BJ Watling combined to thwart Pakistan A on the final day of the first unofficial Test at Dubai. Full story: https://t.co/lnhQPA4bEx #UAETour https://t.co/6GsgplxXyG
2018-11-02T16:19:08+00:00,BLACKCAPS,"Colin üî• Munro picking up where he left off from game 1 üí•
He's belted 2 SIXES and 3 FOURS already &amp; is continuing to swing!
We've raced through to 36-0 after 4 overs #PAKvNZ https://t.co/O7BAyA6aPN"
2018-11-02T15:37:34+00:00,BLACKCAPS,"The team sheets üëÄ
BLACKCAPS batting in Dubai 
#PAKvNZ #T20game2 https://t.co/Ib9N4fxQS4"
2018-11-02T15:34:17+00:00,BLACKCAPS,"Kane has called correctly in Dubai and we‚Äôre having a bat. 
Same XI as game 1 üèè
#PAKvNZ https://t.co/BIzALqrqsl"
2018-11-02T14:37:36+00:00,BLACKCAPS,"Epic stage for tonight‚Äôs 2nd T20I against @TheRealPCB in Dubai. 
A win needed to level the series üëç
#PAKvNZ https://t.co/gN1VqyH2Cc"
